{
  "code": 0,
  "success": "true",
  "msg": "",
  "data": {
    "token": -1,
    "data": [
      {
        "schedule": [
          "07:30-08:30",
          "08:30-09:30",
          "09:30-10:30",
          "10:30-11:30",
          "15:00-16:00",
          "16:00-17:00",
          "17:00-18:00"
        ],
        "data": [
          {
            "date": "2016-07-07",
            "data": [
              {
                "id": "26038",
                "subject_fee": "0.00",
                "reserve_status": "0",
                "reserve_num": "0",
                "text": "\u53ef\u9009\u8bfe",
                "text2": "\u5269:3",
                "open": 1,
                "msg": "",
                "type": 2,
                "time": "07:30-08:30"
              },
              {
                "id": "26039",
                "subject_fee": "0.00",
                "reserve_status": "0",
                "reserve_num": "0",
                "text": "\u53ef\u9009\u8bfe",
                "text2": "\u5269:3",
                "open": 1,
                "msg": "",
                "type": 2,
                "time": "08:30-09:30"
              },
              {
                "id": "26040",
                "subject_fee": "0.00",
                "reserve_status": "0",
                "reserve_num": "0",
                "text": "\u53ef\u9009\u8bfe",
                "text2": "\u5269:3",
                "open": 1,
                "msg": "",
                "type": 2,
                "time": "09:30-10:30"
              },
              {
                "id": "26041",
                "subject_fee": "0.00",
                "reserve_status": "0",
                "reserve_num": "0",
                "text": "\u53ef\u9009\u8bfe",
                "text2": "\u5269:3",
                "open": 1,
                "msg": "",
                "type": 2,
                "time": "10:30-11:30"
              },
              {
                "id": "26042",
                "subject_fee": "0.00",
                "reserve_status": "0",
                "reserve_num": "0",
                "text": "\u53ef\u9009\u8bfe",
                "text2": "\u5269:3",
                "open": 1,
                "msg": "",
                "type": 2,
                "time": "15:00-16:00"
              },
              {
                "id": "26043",
                "subject_fee": "0.00",
                "reserve_status": "0",
                "reserve_num": "0",
                "text": "\u53ef\u9009\u8bfe",
                "text2": "\u5269:3",
                "open": 1,
                "msg": "",
                "type": 2,
                "time": "16:00-17:00"
              },
              {
                "id": "26044",
                "subject_fee": "0.00",
                "reserve_status": "0",
                "reserve_num": "0",
                "text": "\u53ef\u9009\u8bfe",
                "text2": "\u5269:3",
                "open": 1,
                "msg": "",
                "type": 2,
                "time": "17:00-18:00"
              }
            ],
            "date_week": "\u5468\u56db",
            "date_day": "7\u65e5"
          },
          {
            "date": "2016-07-08",
            "data": [
              {
                "id": "26045",
                "subject_fee": "0.00",
                "reserve_status": "0",
                "reserve_num": "0",
                "text": "\u53ef\u9009\u8bfe",
                "text2": "\u5269:3",
                "open": 1,
                "msg": "",
                "type": 2,
                "time": "07:30-08:30"
              },
              {
                "id": "26046",
                "subject_fee": "0.00",
                "reserve_status": "0",
                "reserve_num": "0",
                "text": "\u53ef\u9009\u8bfe",
                "text2": "\u5269:3",
                "open": 1,
                "msg": "",
                "type": 2,
                "time": "08:30-09:30"
              },
              {
                "id": "26047",
                "subject_fee": "0.00",
                "reserve_status": "0",
                "reserve_num": "0",
                "text": "\u53ef\u9009\u8bfe",
                "text2": "\u5269:3",
                "open": 1,
                "msg": "",
                "type": 2,
                "time": "09:30-10:30"
              },
              {
                "id": "26048",
                "subject_fee": "0.00",
                "reserve_status": "0",
                "reserve_num": "0",
                "text": "\u53ef\u9009\u8bfe",
                "text2": "\u5269:3",
                "open": 1,
                "msg": "",
                "type": 2,
                "time": "10:30-11:30"
              },
              {
                "id": "26049",
                "subject_fee": "0.00",
                "reserve_status": "0",
                "reserve_num": "0",
                "text": "\u53ef\u9009\u8bfe",
                "text2": "\u5269:3",
                "open": 1,
                "msg": "",
                "type": 2,
                "time": "15:00-16:00"
              },
              {
                "id": "26050",
                "subject_fee": "0.00",
                "reserve_status": "0",
                "reserve_num": "0",
                "text": "\u53ef\u9009\u8bfe",
                "text2": "\u5269:3",
                "open": 1,
                "msg": "",
                "type": 2,
                "time": "16:00-17:00"
              },
              {
                "id": "26051",
                "subject_fee": "0.00",
                "reserve_status": "0",
                "reserve_num": "0",
                "text": "\u53ef\u9009\u8bfe",
                "text2": "\u5269:3",
                "open": 1,
                "msg": "",
                "type": 2,
                "time": "17:00-18:00"
              }
            ],
            "date_week": "\u5468\u4e94",
            "date_day": "8\u65e5"
          },
          {
            "date": "2016-07-09",
            "data": [
              {
                "id": "26052",
                "subject_fee": "0.00",
                "reserve_status": "0",
                "reserve_num": "0",
                "text": "\u53ef\u9009\u8bfe",
                "text2": "\u5269:3",
                "open": 1,
                "msg": "",
                "type": 2,
                "time": "07:30-08:30"
              },
              {
                "id": "26053",
                "subject_fee": "0.00",
                "reserve_status": "0",
                "reserve_num": "0",
                "text": "\u53ef\u9009\u8bfe",
                "text2": "\u5269:3",
                "open": 1,
                "msg": "",
                "type": 2,
                "time": "08:30-09:30"
              },
              {
                "id": "26054",
                "subject_fee": "0.00",
                "reserve_status": "0",
                "reserve_num": "0",
                "text": "\u53ef\u9009\u8bfe",
                "text2": "\u5269:3",
                "open": 1,
                "msg": "",
                "type": 2,
                "time": "09:30-10:30"
              },
              {
                "id": "26055",
                "subject_fee": "0.00",
                "reserve_status": "0",
                "reserve_num": "0",
                "text": "\u53ef\u9009\u8bfe",
                "text2": "\u5269:3",
                "open": 1,
                "msg": "",
                "type": 2,
                "time": "10:30-11:30"
              },
              {
                "id": "26056",
                "subject_fee": "0.00",
                "reserve_status": "0",
                "reserve_num": "0",
                "text": "\u53ef\u9009\u8bfe",
                "text2": "\u5269:3",
                "open": 1,
                "msg": "",
                "type": 2,
                "time": "15:00-16:00"
              },
              {
                "id": "26057",
                "subject_fee": "0.00",
                "reserve_status": "0",
                "reserve_num": "0",
                "text": "\u53ef\u9009\u8bfe",
                "text2": "\u5269:3",
                "open": 1,
                "msg": "",
                "type": 2,
                "time": "16:00-17:00"
              },
              {
                "id": "26058",
                "subject_fee": "0.00",
                "reserve_status": "0",
                "reserve_num": "0",
                "text": "\u53ef\u9009\u8bfe",
                "text2": "\u5269:3",
                "open": 1,
                "msg": "",
                "type": 2,
                "time": "17:00-18:00"
              }
            ],
            "date_week": "\u5468\u516d",
            "date_day": "9\u65e5"
          },
          {
            "date": "2016-07-10",
            "data": [
              {
                "id": "26059",
                "subject_fee": "0.00",
                "reserve_status": "0",
                "reserve_num": "0",
                "text": "\u53ef\u9009\u8bfe",
                "text2": "\u5269:3",
                "open": 1,
                "msg": "",
                "type": 2,
                "time": "07:30-08:30"
              },
              {
                "id": 0,
                "subject_fee": 0,
                "reserve_status": 0,
                "reserve_num": 0,
                "text": "\u672a\u5f00\u8bfe",
                "text2": "",
                "open": 0,
                "msg": "\u672a\u5f00\u8bfe",
                "type": 0,
                "time": "08:30-09:30"
              },
              {
                "id": 0,
                "subject_fee": 0,
                "reserve_status": 0,
                "reserve_num": 0,
                "text": "\u672a\u5f00\u8bfe",
                "text2": "",
                "open": 0,
                "msg": "\u672a\u5f00\u8bfe",
                "type": 0,
                "time": "09:30-10:30"
              },
              {
                "id": 0,
                "subject_fee": 0,
                "reserve_status": 0,
                "reserve_num": 0,
                "text": "\u672a\u5f00\u8bfe",
                "text2": "",
                "open": 0,
                "msg": "\u672a\u5f00\u8bfe",
                "type": 0,
                "time": "10:30-11:30"
              },
              {
                "id": 0,
                "subject_fee": 0,
                "reserve_status": 0,
                "reserve_num": 0,
                "text": "\u672a\u5f00\u8bfe",
                "text2": "",
                "open": 0,
                "msg": "\u672a\u5f00\u8bfe",
                "type": 0,
                "time": "15:00-16:00"
              },
              {
                "id": "26060",
                "subject_fee": "0.00",
                "reserve_status": "0",
                "reserve_num": "0",
                "text": "\u53ef\u9009\u8bfe",
                "text2": "\u5269:3",
                "open": 1,
                "msg": "",
                "type": 2,
                "time": "16:00-17:00"
              },
              {
                "id": "26061",
                "subject_fee": "0.00",
                "reserve_status": "0",
                "reserve_num": "0",
                "text": "\u53ef\u9009\u8bfe",
                "text2": "\u5269:3",
                "open": 1,
                "msg": "",
                "type": 2,
                "time": "17:00-18:00"
              }
            ],
            "date_week": "\u5468\u65e5",
            "date_day": "1\u65e5"
          },
          {
            "date": "2016-07-11",
            "data": [
              {
                "id": "26062",
                "subject_fee": "0.00",
                "reserve_status": "0",
                "reserve_num": "0",
                "text": "\u53ef\u9009\u8bfe",
                "text2": "\u5269:3",
                "open": 1,
                "msg": "",
                "type": 2,
                "time": "07:30-08:30"
              },
              {
                "id": 0,
                "subject_fee": 0,
                "reserve_status": 0,
                "reserve_num": 0,
                "text": "\u672a\u5f00\u8bfe",
                "text2": "",
                "open": 0,
                "msg": "\u672a\u5f00\u8bfe",
                "type": 0,
                "time": "08:30-09:30"
              },
              {
                "id": 0,
                "subject_fee": 0,
                "reserve_status": 0,
                "reserve_num": 0,
                "text": "\u672a\u5f00\u8bfe",
                "text2": "",
                "open": 0,
                "msg": "\u672a\u5f00\u8bfe",
                "type": 0,
                "time": "09:30-10:30"
              },
              {
                "id": 0,
                "subject_fee": 0,
                "reserve_status": 0,
                "reserve_num": 0,
                "text": "\u672a\u5f00\u8bfe",
                "text2": "",
                "open": 0,
                "msg": "\u672a\u5f00\u8bfe",
                "type": 0,
                "time": "10:30-11:30"
              },
              {
                "id": 0,
                "subject_fee": 0,
                "reserve_status": 0,
                "reserve_num": 0,
                "text": "\u672a\u5f00\u8bfe",
                "text2": "",
                "open": 0,
                "msg": "\u672a\u5f00\u8bfe",
                "type": 0,
                "time": "15:00-16:00"
              },
              {
                "id": "26063",
                "subject_fee": "0.00",
                "reserve_status": "0",
                "reserve_num": "0",
                "text": "\u53ef\u9009\u8bfe",
                "text2": "\u5269:3",
                "open": 1,
                "msg": "",
                "type": 2,
                "time": "16:00-17:00"
              },
              {
                "id": "26064",
                "subject_fee": "0.00",
                "reserve_status": "0",
                "reserve_num": "0",
                "text": "\u53ef\u9009\u8bfe",
                "text2": "\u5269:3",
                "open": 1,
                "msg": "",
                "type": 2,
                "time": "17:00-18:00"
              }
            ],
            "date_week": "\u5468\u4e00",
            "date_day": "11\u65e5"
          },
          {
            "date": "2016-07-12",
            "data": [
              {
                "id": "26065",
                "subject_fee": "0.00",
                "reserve_status": "0",
                "reserve_num": "0",
                "text": "\u53ef\u9009\u8bfe",
                "text2": "\u5269:3",
                "open": 1,
                "msg": "",
                "type": 2,
                "time": "07:30-08:30"
              },
              {
                "id": 0,
                "subject_fee": 0,
                "reserve_status": 0,
                "reserve_num": 0,
                "text": "\u672a\u5f00\u8bfe",
                "text2": "",
                "open": 0,
                "msg": "\u672a\u5f00\u8bfe",
                "type": 0,
                "time": "08:30-09:30"
              },
              {
                "id": 0,
                "subject_fee": 0,
                "reserve_status": 0,
                "reserve_num": 0,
                "text": "\u672a\u5f00\u8bfe",
                "text2": "",
                "open": 0,
                "msg": "\u672a\u5f00\u8bfe",
                "type": 0,
                "time": "09:30-10:30"
              },
              {
                "id": 0,
                "subject_fee": 0,
                "reserve_status": 0,
                "reserve_num": 0,
                "text": "\u672a\u5f00\u8bfe",
                "text2": "",
                "open": 0,
                "msg": "\u672a\u5f00\u8bfe",
                "type": 0,
                "time": "10:30-11:30"
              },
              {
                "id": 0,
                "subject_fee": 0,
                "reserve_status": 0,
                "reserve_num": 0,
                "text": "\u672a\u5f00\u8bfe",
                "text2": "",
                "open": 0,
                "msg": "\u672a\u5f00\u8bfe",
                "type": 0,
                "time": "15:00-16:00"
              },
              {
                "id": "26066",
                "subject_fee": "0.00",
                "reserve_status": "0",
                "reserve_num": "0",
                "text": "\u53ef\u9009\u8bfe",
                "text2": "\u5269:3",
                "open": 1,
                "msg": "",
                "type": 2,
                "time": "16:00-17:00"
              },
              {
                "id": "26067",
                "subject_fee": "0.00",
                "reserve_status": "0",
                "reserve_num": "0",
                "text": "\u53ef\u9009\u8bfe",
                "text2": "\u5269:3",
                "open": 1,
                "msg": "",
                "type": 2,
                "time": "17:00-18:00"
              }
            ],
            "date_week": "\u5468\u4e8c",
            "date_day": "12\u65e5"
          },
          {
            "date": "2016-07-14",
            "data": [
              {
                "id": "26068",
                "subject_fee": "0.00",
                "reserve_status": "0",
                "reserve_num": "0",
                "text": "\u53ef\u9009\u8bfe",
                "text2": "\u5269:3",
                "open": 1,
                "msg": "",
                "type": 2,
                "time": "07:30-08:30"
              },
              {
                "id": 0,
                "subject_fee": 0,
                "reserve_status": 0,
                "reserve_num": 0,
                "text": "\u672a\u5f00\u8bfe",
                "text2": "",
                "open": 0,
                "msg": "\u672a\u5f00\u8bfe",
                "type": 0,
                "time": "08:30-09:30"
              },
              {
                "id": 0,
                "subject_fee": 0,
                "reserve_status": 0,
                "reserve_num": 0,
                "text": "\u672a\u5f00\u8bfe",
                "text2": "",
                "open": 0,
                "msg": "\u672a\u5f00\u8bfe",
                "type": 0,
                "time": "09:30-10:30"
              },
              {
                "id": 0,
                "subject_fee": 0,
                "reserve_status": 0,
                "reserve_num": 0,
                "text": "\u672a\u5f00\u8bfe",
                "text2": "",
                "open": 0,
                "msg": "\u672a\u5f00\u8bfe",
                "type": 0,
                "time": "10:30-11:30"
              },
              {
                "id": 0,
                "subject_fee": 0,
                "reserve_status": 0,
                "reserve_num": 0,
                "text": "\u672a\u5f00\u8bfe",
                "text2": "",
                "open": 0,
                "msg": "\u672a\u5f00\u8bfe",
                "type": 0,
                "time": "15:00-16:00"
              },
              {
                "id": "26069",
                "subject_fee": "0.00",
                "reserve_status": "0",
                "reserve_num": "0",
                "text": "\u53ef\u9009\u8bfe",
                "text2": "\u5269:3",
                "open": 1,
                "msg": "",
                "type": 2,
                "time": "16:00-17:00"
              },
              {
                "id": "26070",
                "subject_fee": "0.00",
                "reserve_status": "0",
                "reserve_num": "0",
                "text": "\u53ef\u9009\u8bfe",
                "text2": "\u5269:3",
                "open": 1,
                "msg": "",
                "type": 2,
                "time": "17:00-18:00"
              }
            ],
            "date_week": "\u5468\u56db",
            "date_day": "14\u65e5"
          },
          {
            "date": "2016-07-15",
            "data": [
              {
                "id": "26071",
                "subject_fee": "0.00",
                "reserve_status": "0",
                "reserve_num": "0",
                "text": "\u53ef\u9009\u8bfe",
                "text2": "\u5269:3",
                "open": 1,
                "msg": "",
                "type": 2,
                "time": "07:30-08:30"
              },
              {
                "id": 0,
                "subject_fee": 0,
                "reserve_status": 0,
                "reserve_num": 0,
                "text": "\u672a\u5f00\u8bfe",
                "text2": "",
                "open": 0,
                "msg": "\u672a\u5f00\u8bfe",
                "type": 0,
                "time": "08:30-09:30"
              },
              {
                "id": 0,
                "subject_fee": 0,
                "reserve_status": 0,
                "reserve_num": 0,
                "text": "\u672a\u5f00\u8bfe",
                "text2": "",
                "open": 0,
                "msg": "\u672a\u5f00\u8bfe",
                "type": 0,
                "time": "09:30-10:30"
              },
              {
                "id": 0,
                "subject_fee": 0,
                "reserve_status": 0,
                "reserve_num": 0,
                "text": "\u672a\u5f00\u8bfe",
                "text2": "",
                "open": 0,
                "msg": "\u672a\u5f00\u8bfe",
                "type": 0,
                "time": "10:30-11:30"
              },
              {
                "id": 0,
                "subject_fee": 0,
                "reserve_status": 0,
                "reserve_num": 0,
                "text": "\u672a\u5f00\u8bfe",
                "text2": "",
                "open": 0,
                "msg": "\u672a\u5f00\u8bfe",
                "type": 0,
                "time": "15:00-16:00"
              },
              {
                "id": "26072",
                "subject_fee": "0.00",
                "reserve_status": "0",
                "reserve_num": "0",
                "text": "\u53ef\u9009\u8bfe",
                "text2": "\u5269:3",
                "open": 1,
                "msg": "",
                "type": 2,
                "time": "16:00-17:00"
              },
              {
                "id": "26073",
                "subject_fee": "0.00",
                "reserve_status": "0",
                "reserve_num": "0",
                "text": "\u53ef\u9009\u8bfe",
                "text2": "\u5269:3",
                "open": 1,
                "msg": "",
                "type": 2,
                "time": "17:00-18:00"
              }
            ],
            "date_week": "\u5468\u4e94",
            "date_day": "15\u65e5"
          }
        ],
        "month": "\u4e03\u6708"
      },
      {
        "schedule": [
          "08:00-09:00",
          "09:00-10:00",
          "10:00-11:00",
          "11:00-12:00",
          "15:00-16:00",
          "16:00-17:00",
          "17:00-18:00",
          "18:00-19:00",
          "19:00-20:00"
        ],
        "data": [
          {
            "date": "2016-07-13",
            "data": [
              {
                "id": "26074",
                "subject_fee": "0.00",
                "reserve_status": "0",
                "reserve_num": "0",
                "text": "\u53ef\u9009\u8bfe",
                "text2": "\u5269:3",
                "open": 1,
                "msg": "",
                "type": 2,
                "time": "08:00-09:00"
              },
              {
                "id": 0,
                "subject_fee": 0,
                "reserve_status": 0,
                "reserve_num": 0,
                "text": "\u672a\u5f00\u8bfe",
                "text2": "",
                "open": 0,
                "msg": "\u672a\u5f00\u8bfe",
                "type": 0,
                "time": "09:00-10:00"
              },
              {
                "id": 0,
                "subject_fee": 0,
                "reserve_status": 0,
                "reserve_num": 0,
                "text": "\u672a\u5f00\u8bfe",
                "text2": "",
                "open": 0,
                "msg": "\u672a\u5f00\u8bfe",
                "type": 0,
                "time": "10:00-11:00"
              },
              {
                "id": "26075",
                "subject_fee": "0.00",
                "reserve_status": "0",
                "reserve_num": "0",
                "text": "\u5df2\u9009\u8bfe",
                "text2": "\u5269:2",
                "open": 0,
                "msg": "\u60a8\u5df2\u7ecf\u9884\u7ea6\u8fd9\u5802\u8bfe\uff0c\u4e0d\u7528\u91cd\u590d\u9009\u8bfe",
                "type": 1,
                "time": "11:00-12:00"
              },
              {
                "id": "26076",
                "subject_fee": "0.00",
                "reserve_status": "0",
                "reserve_num": "0",
                "text": "\u5df2\u9009\u8bfe",
                "text2": "\u5269:2",
                "open": 0,
                "msg": "\u60a8\u5df2\u7ecf\u9884\u7ea6\u8fd9\u5802\u8bfe\uff0c\u4e0d\u7528\u91cd\u590d\u9009\u8bfe",
                "type": 1,
                "time": "15:00-16:00"
              },
              {
                "id": "26077",
                "subject_fee": "0.00",
                "reserve_status": "0",
                "reserve_num": "0",
                "text": "\u53ef\u9009\u8bfe",
                "text2": "\u5269:3",
                "open": 1,
                "msg": "",
                "type": 2,
                "time": "16:00-17:00"
              },
              {
                "id": "26078",
                "subject_fee": "0.00",
                "reserve_status": "0",
                "reserve_num": "0",
                "text": "\u53ef\u9009\u8bfe",
                "text2": "\u5269:3",
                "open": 1,
                "msg": "",
                "type": 2,
                "time": "17:00-18:00"
              },
              {
                "id": "26078",
                "subject_fee": "0.00",
                "reserve_status": "0",
                "reserve_num": "0",
                "text": "\u53ef\u9009\u8bfe",
                "text2": "\u5269:3",
                "open": 1,
                "msg": "",
                "type": 2,
                "time": "17:00-18:00"
              },
              {
                "id": "26078",
                "subject_fee": "0.00",
                "reserve_status": "0",
                "reserve_num": "0",
                "text": "\u53ef\u9009\u8bfe",
                "text2": "\u5269:3",
                "open": 1,
                "msg": "",
                "type": 2,
                "time": "17:00-18:00"
              }
            ],
            "date_week": "\u5468\u4e09",
            "date_day": "13\u65e5"
          },
          {
            "date": "2016-07-16",
            "data": [
              {
                "id": "26079",
                "subject_fee": "0.00",
                "reserve_status": "0",
                "reserve_num": "0",
                "text": "\u53ef\u9009\u8bfe",
                "text2": "\u5269:3",
                "open": 1,
                "msg": "",
                "type": 2,
                "time": "08:00-09:00"
              },
              {
                "id": 0,
                "subject_fee": 0,
                "reserve_status": 0,
                "reserve_num": 0,
                "text": "\u672a\u5f00\u8bfe",
                "text2": "",
                "open": 0,
                "msg": "\u672a\u5f00\u8bfe",
                "type": 0,
                "time": "09:00-10:00"
              },
              {
                "id": 0,
                "subject_fee": 0,
                "reserve_status": 0,
                "reserve_num": 0,
                "text": "\u672a\u5f00\u8bfe",
                "text2": "",
                "open": 0,
                "msg": "\u672a\u5f00\u8bfe",
                "type": 0,
                "time": "10:00-11:00"
              },
              {
                "id": "26080",
                "subject_fee": "0.00",
                "reserve_status": "0",
                "reserve_num": "0",
                "text": "\u53ef\u9009\u8bfe",
                "text2": "\u5269:3",
                "open": 1,
                "msg": "",
                "type": 2,
                "time": "11:00-12:00"
              },
              {
                "id": "26081",
                "subject_fee": "0.00",
                "reserve_status": "0",
                "reserve_num": "0",
                "text": "\u5df2\u9009\u8bfe",
                "text2": "\u5269:2",
                "open": 0,
                "msg": "\u60a8\u5df2\u7ecf\u9884\u7ea6\u8fd9\u5802\u8bfe\uff0c\u4e0d\u7528\u91cd\u590d\u9009\u8bfe",
                "type": 1,
                "time": "15:00-16:00"
              },
              {
                "id": "26082",
                "subject_fee": "0.00",
                "reserve_status": "0",
                "reserve_num": "0",
                "text": "\u53ef\u9009\u8bfe",
                "text2": "\u5269:3",
                "open": 1,
                "msg": "",
                "type": 2,
                "time": "16:00-17:00"
              },
              {
                "id": "26083",
                "subject_fee": "0.00",
                "reserve_status": "0",
                "reserve_num": "0",
                "text": "\u53ef\u9009\u8bfe",
                "text2": "\u5269:3",
                "open": 1,
                "msg": "",
                "type": 2,
                "time": "17:00-18:00"
              },
              {
                "id": "26078",
                "subject_fee": "0.00",
                "reserve_status": "0",
                "reserve_num": "0",
                "text": "\u53ef\u9009\u8bfe",
                "text2": "\u5269:3",
                "open": 1,
                "msg": "",
                "type": 2,
                "time": "17:00-18:00"
              },
              {
                "id": "26078",
                "subject_fee": "0.00",
                "reserve_status": "0",
                "reserve_num": "0",
                "text": "\u53ef\u9009\u8bfe",
                "text2": "\u5269:3",
                "open": 1,
                "msg": "",
                "type": 2,
                "time": "17:00-18:00"
              }
            ],
            "date_week": "\u5468\u516d",
            "date_day": "16\u65e5"
          }
        ],
        "month": "\u4e03\u6708"
      },
      {
        "schedule": [
          "06:00-07:30",
          "08:00-09:30",
          "10:00-11:30",
          "17:00-18:30"
        ],
        "data": [
          {
            "date": "2016-07-18",
            "data": [
              {
                "id": "26084",
                "subject_fee": "0.00",
                "reserve_status": "0",
                "reserve_num": "0",
                "text": "\u53ef\u9009\u8bfe",
                "text2": "\u5269:3",
                "open": 1,
                "msg": "",
                "type": 2,
                "time": "06:00-07:30"
              },
              {
                "id": "26085",
                "subject_fee": "0.00",
                "reserve_status": "0",
                "reserve_num": "0",
                "text": "\u53ef\u9009\u8bfe",
                "text2": "\u5269:3",
                "open": 1,
                "msg": "",
                "type": 2,
                "time": "08:00-09:30"
              },
              {
                "id": "26086",
                "subject_fee": "0.00",
                "reserve_status": "0",
                "reserve_num": "0",
                "text": "\u53ef\u9009\u8bfe",
                "text2": "\u5269:3",
                "open": 1,
                "msg": "",
                "type": 2,
                "time": "10:00-11:30"
              },
              {
                "id": "26087",
                "subject_fee": "0.00",
                "reserve_status": "0",
                "reserve_num": "0",
                "text": "\u53ef\u9009\u8bfe",
                "text2": "\u5269:3",
                "open": 1,
                "msg": "",
                "type": 2,
                "time": "17:00-18:30"
              }
            ],
            "date_week": "\u5468\u4e00",
            "date_day": "18\u65e5"
          },
          {
            "date": "2016-07-19",
            "data": [
              {
                "id": "26088",
                "subject_fee": "0.00",
                "reserve_status": "0",
                "reserve_num": "0",
                "text": "\u53ef\u9009\u8bfe",
                "text2": "\u5269:3",
                "open": 1,
                "msg": "",
                "type": 2,
                "time": "06:00-07:30"
              },
              {
                "id": "26089",
                "subject_fee": "0.00",
                "reserve_status": "0",
                "reserve_num": "0",
                "text": "\u53ef\u9009\u8bfe",
                "text2": "\u5269:3",
                "open": 1,
                "msg": "",
                "type": 2,
                "time": "08:00-09:30"
              },
              {
                "id": "26090",
                "subject_fee": "0.00",
                "reserve_status": "0",
                "reserve_num": "0",
                "text": "\u53ef\u9009\u8bfe",
                "text2": "\u5269:3",
                "open": 1,
                "msg": "",
                "type": 2,
                "time": "10:00-11:30"
              },
              {
                "id": "26091",
                "subject_fee": "0.00",
                "reserve_status": "0",
                "reserve_num": "0",
                "text": "\u53ef\u9009\u8bfe",
                "text2": "\u5269:3",
                "open": 1,
                "msg": "",
                "type": 2,
                "time": "17:00-18:30"
              }
            ],
            "date_week": "\u5468\u4e8c",
            "date_day": "19\u65e5"
          },
          {
            "date": "2016-07-19",
            "data": [
              {
                "id": "26088",
                "subject_fee": "0.00",
                "reserve_status": "0",
                "reserve_num": "0",
                "text": "\u53ef\u9009\u8bfe",
                "text2": "\u5269:3",
                "open": 1,
                "msg": "",
                "type": 2,
                "time": "06:00-07:30"
              },
              {
                "id": "26089",
                "subject_fee": "0.00",
                "reserve_status": "0",
                "reserve_num": "0",
                "text": "\u53ef\u9009\u8bfe",
                "text2": "\u5269:3",
                "open": 1,
                "msg": "",
                "type": 2,
                "time": "08:00-09:30"
              },
              {
                "id": "26090",
                "subject_fee": "0.00",
                "reserve_status": "0",
                "reserve_num": "0",
                "text": "\u53ef\u9009\u8bfe",
                "text2": "\u5269:3",
                "open": 1,
                "msg": "",
                "type": 2,
                "time": "10:00-11:30"
              },
              {
                "id": "26091",
                "subject_fee": "0.00",
                "reserve_status": "0",
                "reserve_num": "0",
                "text": "\u53ef\u9009\u8bfe",
                "text2": "\u5269:3",
                "open": 1,
                "msg": "",
                "type": 2,
                "time": "17:00-18:30"
              }
            ],
            "date_week": "\u5468\u4e8c",
            "date_day": "19\u65e5"
          },
          {
            "date": "2016-07-19",
            "data": [
              {
                "id": "26088",
                "subject_fee": "0.00",
                "reserve_status": "0",
                "reserve_num": "0",
                "text": "\u53ef\u9009\u8bfe",
                "text2": "\u5269:3",
                "open": 1,
                "msg": "",
                "type": 2,
                "time": "06:00-07:30"
              },
              {
                "id": "26089",
                "subject_fee": "0.00",
                "reserve_status": "0",
                "reserve_num": "0",
                "text": "\u53ef\u9009\u8bfe",
                "text2": "\u5269:3",
                "open": 1,
                "msg": "",
                "type": 2,
                "time": "08:00-09:30"
              },
              {
                "id": "26090",
                "subject_fee": "0.00",
                "reserve_status": "0",
                "reserve_num": "0",
                "text": "\u53ef\u9009\u8bfe",
                "text2": "\u5269:3",
                "open": 1,
                "msg": "",
                "type": 2,
                "time": "10:00-11:30"
              },
              {
                "id": "26091",
                "subject_fee": "0.00",
                "reserve_status": "0",
                "reserve_num": "0",
                "text": "\u53ef\u9009\u8bfe",
                "text2": "\u5269:3",
                "open": 1,
                "msg": "",
                "type": 2,
                "time": "17:00-18:30"
              }
            ],
            "date_week": "\u5468\u4e8c",
            "date_day": "19\u65e5"
          },
          {
            "date": "2016-07-19",
            "data": [
              {
                "id": "26088",
                "subject_fee": "0.00",
                "reserve_status": "0",
                "reserve_num": "0",
                "text": "\u53ef\u9009\u8bfe",
                "text2": "\u5269:3",
                "open": 1,
                "msg": "",
                "type": 2,
                "time": "06:00-07:30"
              },
              {
                "id": "26089",
                "subject_fee": "0.00",
                "reserve_status": "0",
                "reserve_num": "0",
                "text": "\u53ef\u9009\u8bfe",
                "text2": "\u5269:3",
                "open": 1,
                "msg": "",
                "type": 2,
                "time": "08:00-09:30"
              },
              {
                "id": "26090",
                "subject_fee": "0.00",
                "reserve_status": "0",
                "reserve_num": "0",
                "text": "\u53ef\u9009\u8bfe",
                "text2": "\u5269:3",
                "open": 1,
                "msg": "",
                "type": 2,
                "time": "10:00-11:30"
              },
              {
                "id": "26091",
                "subject_fee": "0.00",
                "reserve_status": "0",
                "reserve_num": "0",
                "text": "\u53ef\u9009\u8bfe",
                "text2": "\u5269:3",
                "open": 1,
                "msg": "",
                "type": 2,
                "time": "17:00-18:30"
              }
            ],
            "date_week": "\u5468\u4e8c",
            "date_day": "19\u65e5"
          },
          {
            "date": "2016-07-19",
            "data": [
              {
                "id": "26088",
                "subject_fee": "0.00",
                "reserve_status": "0",
                "reserve_num": "0",
                "text": "\u53ef\u9009\u8bfe",
                "text2": "\u5269:3",
                "open": 1,
                "msg": "",
                "type": 2,
                "time": "06:00-07:30"
              },
              {
                "id": "26089",
                "subject_fee": "0.00",
                "reserve_status": "0",
                "reserve_num": "0",
                "text": "\u53ef\u9009\u8bfe",
                "text2": "\u5269:3",
                "open": 1,
                "msg": "",
                "type": 2,
                "time": "08:00-09:30"
              },
              {
                "id": "26090",
                "subject_fee": "0.00",
                "reserve_status": "0",
                "reserve_num": "0",
                "text": "\u53ef\u9009\u8bfe",
                "text2": "\u5269:3",
                "open": 1,
                "msg": "",
                "type": 2,
                "time": "10:00-11:30"
              },
              {
                "id": "26091",
                "subject_fee": "0.00",
                "reserve_status": "0",
                "reserve_num": "0",
                "text": "\u53ef\u9009\u8bfe",
                "text2": "\u5269:3",
                "open": 1,
                "msg": "",
                "type": 2,
                "time": "17:00-18:30"
              }
            ],
            "date_week": "\u5468\u4e8c",
            "date_day": "19\u65e5"
          },
          {
            "date": "2016-07-19",
            "data": [
              {
                "id": "26088",
                "subject_fee": "0.00",
                "reserve_status": "0",
                "reserve_num": "0",
                "text": "\u53ef\u9009\u8bfe",
                "text2": "\u5269:3",
                "open": 1,
                "msg": "",
                "type": 2,
                "time": "06:00-07:30"
              },
              {
                "id": "26089",
                "subject_fee": "0.00",
                "reserve_status": "0",
                "reserve_num": "0",
                "text": "\u53ef\u9009\u8bfe",
                "text2": "\u5269:3",
                "open": 1,
                "msg": "",
                "type": 2,
                "time": "08:00-09:30"
              },
              {
                "id": "26090",
                "subject_fee": "0.00",
                "reserve_status": "0",
                "reserve_num": "0",
                "text": "\u53ef\u9009\u8bfe",
                "text2": "\u5269:3",
                "open": 1,
                "msg": "",
                "type": 2,
                "time": "10:00-11:30"
              },
              {
                "id": "26091",
                "subject_fee": "0.00",
                "reserve_status": "0",
                "reserve_num": "0",
                "text": "\u53ef\u9009\u8bfe",
                "text2": "\u5269:3",
                "open": 1,
                "msg": "",
                "type": 2,
                "time": "17:00-18:30"
              }
            ],
            "date_week": "\u5468\u4e8c",
            "date_day": "19\u65e5"
          }
        ],
        "month": "\u4e03\u6708"
      }
    ]
  }
}